timestamp,pod,cpu_millicores,memory_mib,label
2026-09-19T11:55:43.354Z,webapp-6c56f5488f-ktpzd,0,13,normal
2026-09-19T11:55:48.583Z,webapp-6c56f5488f-ktpzd,0,13,normal
2026-09-19T11:55:53.793Z,webapp-6c56f5488f-ktpzd,0,13,normal
2026-09-19T11:55:58.984Z,webapp-6c56f5488f-ktpzd,0,13,normal
2026-09-19T11:56:04.198Z,webapp-6c56f5488f-ktpzd,0,13,normal
2026-09-19T11:56:09.403Z,webapp-6c56f5488f-ktpzd,0,13,normal
2026-09-19T11:56:14.624Z,webapp-6c56f5488f-ktpzd,0,13,normal
2026-09-19T11:56:19.833Z,webapp-6c56f5488f-ktpzd,0,13,normal
2026-09-19T11:56:25.035Z,webapp-6c56f5488f-ktpzd,0,13,normal
2026-09-19T11:56:30.261Z,webapp-6c56f5488f-ktpzd,0,13,normal
2026-09-19T11:56:35.484Z,webapp-6c56f5488f-ktpzd,0,13,normal
2026-09-19T11:56:40.705Z,webapp-6c56f5488f-ktpzd,0,13,normal
2026-09-19T11:56:45.887Z,webapp-6c56f5488f-ktpzd,0,13,normal
2026-09-19T11:56:51.075Z,webapp-6c56f5488f-ktpzd,0,13,normal
2026-09-19T11:56:56.286Z,webapp-6c56f5488f-ktpzd,0,13,normal
2026-09-19T11:57:01.507Z,webapp-6c56f5488f-ktpzd,0,13,normal
2026-09-19T11:57:06.783Z,webapp-6c56f5488f-ktpzd,0,13,normal
2026-09-19T11:57:11.988Z,webapp-6c56f5488f-ktpzd,0,13,normal
2026-09-19T11:57:17.183Z,webapp-6c56f5488f-ktpzd,0,13,normal
2026-09-19T11:57:22.411Z,webapp-6c56f5488f-ktpzd,0,13,normal
2026-09-19T11:57:27.591Z,webapp-6c56f5488f-ktpzd,0,13,normal
2026-09-19T11:57:32.788Z,webapp-6c56f5488f-ktpzd,0,13,normal
2026-09-19T11:57:37.994Z,webapp-6c56f5488f-ktpzd,0,13,normal
2026-09-19T11:57:43.172Z,webapp-6c56f5488f-ktpzd,0,13,normal
2026-09-19T11:57:48.379Z,webapp-6c56f5488f-ktpzd,0,13,normal
2026-09-19T11:57:53.630Z,webapp-6c56f5488f-ktpzd,0,13,normal
2026-09-19T11:57:58.859Z,webapp-6c56f5488f-ktpzd,0,13,normal
2026-09-19T11:58:04.070Z,webapp-6c56f5488f-ktpzd,0,13,normal
2026-09-19T11:58:09.284Z,webapp-6c56f5488f-ktpzd,0,13,normal
2026-09-19T11:58:14.500Z,webapp-6c56f5488f-ktpzd,0,13,normal
2026-09-19T11:58:19.702Z,webapp-6c56f5488f-ktpzd,0,13,normal
2026-09-19T11:58:24.954Z,webapp-6c56f5488f-ktpzd,0,13,normal
2026-09-19T11:58:30.157Z,webapp-6c56f5488f-ktpzd,0,13,normal
2026-09-19T11:58:35.355Z,webapp-6c56f5488f-ktpzd,0,13,normal
2026-09-19T11:58:40.587Z,webapp-6c56f5488f-ktpzd,0,13,normal
2026-09-19T11:58:45.781Z,webapp-6c56f5488f-ktpzd,0,13,normal
2026-09-19T11:58:50.968Z,webapp-6c56f5488f-ktpzd,0,13,normal
2026-09-19T11:58:56.162Z,webapp-6c56f5488f-ktpzd,0,13,normal
2026-09-19T11:59:01.347Z,webapp-6c56f5488f-ktpzd,0,13,normal
2026-09-19T11:59:06.560Z,webapp-6c56f5488f-ktpzd,0,13,normal
2026-09-19T11:59:11.747Z,webapp-6c56f5488f-ktpzd,0,13,normal
2026-09-19T11:59:16.930Z,webapp-6c56f5488f-ktpzd,0,13,normal
2026-09-19T11:59:22.120Z,webapp-6c56f5488f-ktpzd,0,13,normal
2026-09-19T11:59:27.288Z,webapp-6c56f5488f-ktpzd,0,13,normal
2026-09-19T11:59:32.457Z,webapp-6c56f5488f-ktpzd,0,13,normal
2026-09-19T11:59:37.650Z,webapp-6c56f5488f-ktpzd,0,13,normal
2026-09-19T11:59:42.852Z,webapp-6c56f5488f-ktpzd,0,13,normal
2026-09-19T11:59:48.085Z,webapp-6c56f5488f-ktpzd,0,13,normal
2026-09-19T11:59:53.283Z,webapp-6c56f5488f-ktpzd,0,13,normal
2026-09-19T11:59:58.523Z,webapp-6c56f5488f-ktpzd,0,13,normal
2026-09-19T12:00:03.717Z,webapp-6c56f5488f-ktpzd,0,13,normal
2026-09-19T12:00:08.924Z,webapp-6c56f5488f-ktpzd,0,13,normal
2026-09-19T12:00:14.224Z,webapp-6c56f5488f-ktpzd,1,13,normal
2026-09-19T12:00:19.430Z,webapp-6c56f5488f-ktpzd,1,13,normal
2026-09-19T12:00:24.682Z,webapp-6c56f5488f-ktpzd,1,13,normal
2026-09-19T12:00:29.873Z,webapp-6c56f5488f-ktpzd,1,13,normal
2026-09-19T12:00:35.093Z,webapp-6c56f5488f-ktpzd,1,13,normal
2026-09-19T12:00:40.324Z,webapp-6c56f5488f-ktpzd,1,13,normal
2026-09-19T12:00:45.552Z,webapp-6c56f5488f-ktpzd,1,13,normal
2026-09-19T12:00:50.762Z,webapp-6c56f5488f-ktpzd,1,13,normal
2026-09-19T12:00:55.986Z,webapp-6c56f5488f-ktpzd,1,13,normal
2026-09-19T12:01:01.198Z,webapp-6c56f5488f-ktpzd,1,13,normal
2026-09-19T12:01:06.406Z,webapp-6c56f5488f-ktpzd,1,13,normal
2026-09-19T12:01:11.604Z,webapp-6c56f5488f-ktpzd,1,13,normal
2026-09-19T12:01:16.813Z,webapp-6c56f5488f-ktpzd,1,13,normal
2026-09-19T12:01:22.049Z,webapp-6c56f5488f-ktpzd,1,13,normal
2026-09-19T12:01:27.331Z,webapp-6c56f5488f-ktpzd,1,13,normal
2026-09-19T12:01:32.546Z,webapp-6c56f5488f-ktpzd,1,13,normal
2026-09-19T12:01:37.769Z,webapp-6c56f5488f-ktpzd,1,13,normal
2026-09-19T12:01:42.980Z,webapp-6c56f5488f-ktpzd,1,13,normal
2026-09-19T12:01:48.177Z,webapp-6c56f5488f-ktpzd,1,13,normal
2026-09-19T12:01:53.415Z,webapp-6c56f5488f-ktpzd,1,13,normal
2026-09-19T12:01:58.659Z,webapp-6c56f5488f-ktpzd,1,13,normal
2026-09-19T12:02:04.002Z,webapp-6c56f5488f-ktpzd,1,13,normal
2026-09-19T12:02:09.219Z,webapp-6c56f5488f-ktpzd,1,13,normal
2026-09-19T12:02:14.437Z,webapp-6c56f5488f-ktpzd,1,13,normal
2026-09-19T12:02:19.666Z,webapp-6c56f5488f-ktpzd,1,13,normal
2026-09-19T12:02:24.874Z,webapp-6c56f5488f-ktpzd,1,13,normal
2026-09-19T12:02:30.150Z,webapp-6c56f5488f-ktpzd,1,13,normal
2026-09-19T12:02:35.354Z,webapp-6c56f5488f-ktpzd,1,13,normal
2026-09-19T12:02:40.584Z,webapp-6c56f5488f-ktpzd,1,13,normal
2026-09-19T12:02:45.797Z,webapp-6c56f5488f-ktpzd,1,13,normal
2026-09-19T12:02:51.060Z,webapp-6c56f5488f-ktpzd,1,13,normal
2026-09-19T12:02:56.298Z,webapp-6c56f5488f-ktpzd,1,13,normal
2026-09-19T12:03:01.506Z,webapp-6c56f5488f-ktpzd,1,13,normal
2026-09-19T12:03:06.717Z,webapp-6c56f5488f-ktpzd,1,13,normal
2026-09-19T12:03:11.931Z,webapp-6c56f5488f-ktpzd,0,13,normal
2026-09-19T12:03:17.150Z,webapp-6c56f5488f-ktpzd,0,13,normal
2026-09-19T12:03:22.363Z,webapp-6c56f5488f-ktpzd,0,13,normal
2026-09-19T12:03:27.648Z,webapp-6c56f5488f-ktpzd,0,13,normal
2026-09-19T12:03:32.916Z,webapp-6c56f5488f-ktpzd,0,13,normal
2026-09-19T12:03:38.109Z,webapp-6c56f5488f-ktpzd,0,13,normal
2026-09-19T12:03:43.319Z,webapp-6c56f5488f-ktpzd,0,13,normal
2026-09-19T12:03:48.545Z,webapp-6c56f5488f-ktpzd,0,13,normal
2026-09-19T12:03:53.768Z,webapp-6c56f5488f-ktpzd,0,13,normal
2026-09-19T12:03:58.954Z,webapp-6c56f5488f-ktpzd,0,13,normal
2026-09-19T12:04:04.154Z,webapp-6c56f5488f-ktpzd,0,13,normal
2026-09-19T12:04:09.365Z,webapp-6c56f5488f-ktpzd,0,13,normal
2026-09-19T12:04:14.554Z,webapp-6c56f5488f-ktpzd,0,13,normal
2026-09-19T12:04:19.763Z,webapp-6c56f5488f-ktpzd,0,13,normal
2026-09-19T12:04:24.985Z,webapp-6c56f5488f-ktpzd,0,13,normal
2026-09-19T12:04:30.199Z,webapp-6c56f5488f-ktpzd,0,13,normal
2026-09-19T12:04:35.390Z,webapp-6c56f5488f-ktpzd,0,13,normal
2026-09-19T12:04:40.601Z,webapp-6c56f5488f-ktpzd,0,13,normal
2026-09-19T12:04:45.796Z,webapp-6c56f5488f-ktpzd,0,13,normal
2026-09-19T12:04:51.004Z,webapp-6c56f5488f-ktpzd,0,13,normal
2026-09-19T12:04:56.225Z,webapp-6c56f5488f-ktpzd,0,13,normal
2026-09-19T12:05:01.433Z,webapp-6c56f5488f-ktpzd,0,13,normal
2026-09-19T12:05:06.652Z,webapp-6c56f5488f-ktpzd,0,13,normal
2026-09-19T12:05:11.864Z,webapp-6c56f5488f-ktpzd,0,13,normal
2026-09-19T12:05:17.068Z,webapp-6c56f5488f-ktpzd,0,13,normal
2026-09-19T12:05:22.299Z,webapp-6c56f5488f-ktpzd,0,13,normal
2026-09-19T12:05:27.497Z,webapp-6c56f5488f-ktpzd,0,13,normal
2026-09-19T12:05:32.692Z,webapp-6c56f5488f-ktpzd,0,13,normal
2026-09-19T12:05:37.890Z,webapp-6c56f5488f-ktpzd,0,13,normal
2026-09-19T12:05:43.081Z,webapp-6c56f5488f-ktpzd,0,13,normal
2026-09-19T12:05:48.262Z,webapp-6c56f5488f-ktpzd,0,13,normal
2026-09-19T12:05:53.493Z,webapp-6c56f5488f-ktpzd,0,13,normal
2026-09-19T12:05:58.685Z,webapp-6c56f5488f-ktpzd,0,13,normal
2026-09-19T12:06:03.890Z,webapp-6c56f5488f-ktpzd,0,13,normal
2026-09-19T12:06:09.066Z,webapp-6c56f5488f-ktpzd,0,13,normal
2026-09-19T12:06:14.290Z,webapp-6c56f5488f-ktpzd,0,13,normal
2026-09-19T12:06:19.479Z,webapp-6c56f5488f-ktpzd,0,13,normal
2026-09-19T12:06:24.715Z,webapp-6c56f5488f-ktpzd,0,13,normal
2026-09-19T12:06:29.941Z,webapp-6c56f5488f-ktpzd,0,13,normal
2026-09-19T12:06:35.145Z,webapp-6c56f5488f-ktpzd,0,13,normal
2026-09-19T12:06:40.372Z,webapp-6c56f5488f-ktpzd,0,13,normal
2026-09-19T12:06:45.575Z,webapp-6c56f5488f-ktpzd,0,13,normal
2026-09-19T12:06:50.783Z,webapp-6c56f5488f-ktpzd,0,13,normal
2026-09-19T12:06:56.018Z,webapp-6c56f5488f-ktpzd,0,13,normal
2026-09-19T12:07:01.247Z,webapp-6c56f5488f-ktpzd,0,13,normal
2026-09-19T12:07:06.459Z,webapp-6c56f5488f-ktpzd,0,13,normal
2026-09-19T12:07:11.669Z,webapp-6c56f5488f-ktpzd,0,13,normal
2026-09-19T12:07:16.886Z,webapp-6c56f5488f-ktpzd,0,13,normal
2026-09-19T12:07:22.110Z,webapp-6c56f5488f-ktpzd,0,13,normal
2026-09-19T12:07:27.314Z,webapp-6c56f5488f-ktpzd,0,13,normal
2026-09-19T12:07:32.524Z,webapp-6c56f5488f-ktpzd,0,13,normal
2026-09-19T12:07:37.739Z,webapp-6c56f5488f-ktpzd,0,13,normal
2026-09-19T12:07:42.949Z,webapp-6c56f5488f-ktpzd,0,13,normal
2026-09-19T12:07:48.160Z,webapp-6c56f5488f-ktpzd,0,13,normal
2026-09-19T12:07:53.399Z,webapp-6c56f5488f-ktpzd,0,13,normal
2026-09-19T12:07:58.593Z,webapp-6c56f5488f-ktpzd,0,13,normal
2026-09-19T12:08:03.812Z,webapp-6c56f5488f-ktpzd,0,13,normal
2026-09-19T12:08:09.043Z,webapp-6c56f5488f-ktpzd,0,13,normal
2026-09-19T12:08:14.268Z,webapp-6c56f5488f-ktpzd,0,13,normal
2026-09-19T12:08:19.482Z,webapp-6c56f5488f-ktpzd,0,13,normal
2026-09-19T12:08:24.689Z,webapp-6c56f5488f-ktpzd,0,13,normal
2026-09-19T12:08:29.921Z,webapp-6c56f5488f-ktpzd,0,13,normal
2026-09-19T12:08:35.141Z,webapp-6c56f5488f-ktpzd,0,13,normal
2026-09-19T12:08:40.361Z,webapp-6c56f5488f-ktpzd,0,13,normal
2026-09-19T12:08:45.615Z,webapp-6c56f5488f-ktpzd,0,13,normal
2026-09-19T12:08:50.860Z,webapp-6c56f5488f-ktpzd,0,13,normal
2026-09-19T12:08:56.061Z,webapp-6c56f5488f-ktpzd,0,13,normal
2026-09-19T12:09:01.301Z,webapp-6c56f5488f-ktpzd,0,13,normal
2026-09-19T12:09:06.532Z,webapp-6c56f5488f-ktpzd,0,13,normal
2026-09-19T12:09:11.771Z,webapp-6c56f5488f-ktpzd,0,13,normal
2026-09-19T12:09:16.963Z,webapp-6c56f5488f-ktpzd,0,13,normal
2026-09-19T12:09:22.176Z,webapp-6c56f5488f-ktpzd,0,13,normal
2026-09-19T12:09:27.387Z,webapp-6c56f5488f-ktpzd,0,13,normal
2026-09-19T12:09:32.586Z,webapp-6c56f5488f-ktpzd,0,13,normal
2026-09-19T12:09:37.789Z,webapp-6c56f5488f-ktpzd,0,13,normal
2026-09-19T12:09:43.019Z,webapp-6c56f5488f-ktpzd,0,13,normal
2026-09-19T12:09:48.240Z,webapp-6c56f5488f-ktpzd,0,13,normal
2026-09-19T12:09:53.509Z,webapp-6c56f5488f-ktpzd,0,13,normal
2026-09-19T12:09:58.724Z,webapp-6c56f5488f-ktpzd,0,13,normal
2026-09-19T12:10:03.925Z,webapp-6c56f5488f-ktpzd,0,13,normal
2026-09-19T12:10:09.158Z,webapp-6c56f5488f-ktpzd,0,13,normal
2026-09-19T12:10:14.361Z,webapp-6c56f5488f-ktpzd,0,13,normal
2026-09-19T12:10:19.572Z,webapp-6c56f5488f-ktpzd,0,13,normal
2026-09-19T12:10:24.775Z,webapp-6c56f5488f-ktpzd,0,13,normal
2026-09-19T12:10:30.013Z,webapp-6c56f5488f-ktpzd,0,13,normal
2026-09-19T12:10:35.248Z,webapp-6c56f5488f-ktpzd,0,13,normal
2026-09-19T12:10:40.451Z,webapp-6c56f5488f-ktpzd,0,13,normal
2026-09-19T12:10:45.657Z,webapp-6c56f5488f-ktpzd,0,13,normal
2026-09-19T12:10:50.849Z,webapp-6c56f5488f-ktpzd,0,13,normal
2026-09-19T12:10:56.051Z,webapp-6c56f5488f-ktpzd,0,13,normal
2026-09-19T12:11:01.257Z,webapp-6c56f5488f-ktpzd,0,13,normal
2026-09-19T12:11:06.490Z,webapp-6c56f5488f-ktpzd,0,13,normal
2026-09-19T12:11:11.719Z,webapp-6c56f5488f-ktpzd,0,13,normal
2026-09-19T12:11:16.975Z,webapp-6c56f5488f-ktpzd,0,13,normal
2026-09-19T12:11:22.196Z,webapp-6c56f5488f-ktpzd,0,13,normal
2026-09-19T12:11:27.440Z,webapp-6c56f5488f-ktpzd,0,13,normal
2026-09-19T12:11:32.662Z,webapp-6c56f5488f-ktpzd,0,13,normal
2026-09-19T12:11:37.880Z,webapp-6c56f5488f-ktpzd,0,13,normal
2026-09-19T12:11:43.087Z,webapp-6c56f5488f-ktpzd,0,13,normal
